scene,seed,curve,decisions_differ,steer_jaccard,cio_l1_db,regret_utility_pts,regret_median_pct_of_gain,regret_servededge_pct_of_gain,tput_inflation_median_pct,tput_inflation_mean_pct,median_ref_mbps,median_alt_mbps
berlin_mitte,0,ideal,1,0.6,6.0,0.0099,0.0,6.2974,52.6109,26.7485,21.1967,21.1967
berlin_mitte,0,offset,0,1.0,0.0,0.0,0.0,0.0,0.0,0.5463,21.1967,21.1967
berlin_mitte,0,attenuated,1,0.3333333333333333,13.0,0.2349,10.0706,44.534,-10.1631,-11.5647,21.1967,20.6938
berlin_mitte,1,ideal,0,1.0,0.0,0.0,0.0,0.0,0.0,45.239,15.8976,15.8976
berlin_mitte,1,offset,0,1.0,0.0,0.0,0.0,0.0,0.0,1.4343,15.8976,15.8976
berlin_mitte,1,attenuated,0,1.0,0.0,0.0,0.0,0.0,0.0,-5.0867,15.8976,15.8976
berlin_mitte,2,ideal,0,1.0,0.0,0.0,0.0,0.0,25.7324,29.8058,18.3167,18.3167
berlin_mitte,2,offset,1,0.5,7.0,0.3444,15.2657,100.0,-1.1255,-1.0244,18.3167,18.0941
berlin_mitte,2,attenuated,0,1.0,0.0,0.0,0.0,0.0,-11.4699,-7.1881,18.3167,18.3167
berlin_mitte,3,ideal,1,0.5,8.0,8.6966,nan,0.0,34.8272,35.5341,14.1493,14.8646
berlin_mitte,3,offset,0,1.0,0.0,0.0,nan,0.0,-0.2067,-0.0491,14.1493,14.1493
berlin_mitte,3,attenuated,1,0.5,8.0,8.6966,nan,0.0,-5.9735,-0.6875,14.1493,14.8646
berlin_mitte,4,ideal,0,1.0,22.0,0.0,0.0,0.0,8.0494,24.1338,25.9504,25.9504
berlin_mitte,4,offset,0,1.0,0.0,0.0,0.0,0.0,0.0,0.6741,25.9504,25.9504
berlin_mitte,4,attenuated,1,0.75,18.0,0.2612,-22.6806,21.3858,-4.1935,-6.2771,25.9504,27.0285
berlin_mitte,5,ideal,1,0.3333333333333333,7.0,0.129,nan,21.1341,62.5714,36.0235,11.3868,13.0384
berlin_mitte,5,offset,1,0.3333333333333333,7.0,0.129,nan,21.1341,0.8338,0.7547,11.3868,13.0384
berlin_mitte,5,attenuated,1,0.5,6.0,0.1263,nan,26.4145,-2.7636,-0.9918,11.3868,13.0384
berlin_mitte,6,ideal,0,1.0,0.0,0.0,nan,nan,60.4562,41.1865,15.6828,15.6828
berlin_mitte,6,offset,0,1.0,0.0,0.0,nan,nan,-3.9712,0.702,15.6828,15.6828
berlin_mitte,6,attenuated,0,1.0,0.0,0.0,nan,nan,-5.3493,-2.2696,15.6828,15.6828
berlin_mitte,7,ideal,0,1.0,0.0,0.0,0.0,nan,36.9853,40.0575,22.1931,22.1931
berlin_mitte,7,offset,0,1.0,0.0,0.0,0.0,nan,-8.7718,-0.0217,22.1931,22.1931
berlin_mitte,7,attenuated,0,1.0,0.0,0.0,0.0,nan,-13.9499,-7.3538,22.1931,22.1931
paris_opera,0,ideal,1,0.75,10.0,0.0023,-52.287,nan,53.6868,38.2815,18.5475,19.6036
paris_opera,0,offset,1,0.75,10.0,0.0023,-52.287,nan,0.0,1.158,18.5475,19.6036
paris_opera,0,attenuated,1,0.75,10.0,0.0023,-52.287,nan,-10.2236,-6.5292,18.5475,19.6036
paris_opera,1,ideal,0,1.0,0.0,0.0,0.0,0.0,15.3289,30.4318,18.3794,18.3794
paris_opera,1,offset,0,1.0,0.0,0.0,0.0,0.0,0.0,0.0756,18.3794,18.3794
paris_opera,1,attenuated,0,1.0,0.0,0.0,0.0,0.0,-9.4157,-3.9807,18.3794,18.3794
paris_opera,2,ideal,1,0.0,12.0,0.0715,100.0,nan,72.28,35.406,18.8221,16.7966
paris_opera,2,offset,1,0.0,12.0,0.0715,100.0,nan,14.4151,1.8652,18.8221,16.7966
paris_opera,2,attenuated,1,0.0,12.0,0.0715,100.0,nan,0.0,-8.5307,18.8221,16.7966
paris_opera,3,ideal,0,1.0,0.0,0.0,0.0,0.0,82.6533,61.0244,10.377,10.377
paris_opera,3,offset,0,1.0,0.0,0.0,0.0,0.0,6.1631,0.7379,10.377,10.377
paris_opera,3,attenuated,0,1.0,0.0,0.0,0.0,0.0,13.6616,-3.4089,10.377,10.377
paris_opera,4,ideal,0,1.0,0.0,0.0,nan,nan,27.1637,31.2769,21.4314,21.4314
paris_opera,4,offset,0,1.0,0.0,0.0,nan,nan,3.5541,3.3526,21.4314,21.4314
paris_opera,4,attenuated,0,1.0,0.0,0.0,nan,nan,-17.3701,-7.8933,21.4314,21.4314
paris_opera,5,ideal,1,0.0,2.0,0.1323,100.0,nan,59.3429,32.1926,16.4345,14.3214
paris_opera,5,offset,1,0.0,2.0,0.1323,100.0,nan,6.1631,3.7144,16.4345,14.3214
paris_opera,5,attenuated,0,1.0,0.0,0.0,0.0,nan,10.8201,-5.8598,16.4345,16.4345
paris_opera,6,ideal,1,0.5,18.0,0.6187,53.3699,0.0,22.8473,22.4857,15.6689,14.0956
paris_opera,6,offset,1,0.6,12.0,0.1514,0.0,0.0,0.0,0.6586,15.6689,15.6689
paris_opera,6,attenuated,1,0.5,18.0,0.6187,53.3699,0.0,-16.5192,-4.2832,15.6689,14.0956
paris_opera,7,ideal,0,1.0,0.0,0.0,0.0,0.0,41.6295,27.8927,20.8004,20.8004
paris_opera,7,offset,0,1.0,0.0,0.0,0.0,0.0,0.8594,3.4072,20.8004,20.8004
paris_opera,7,attenuated,0,1.0,0.0,0.0,0.0,0.0,-3.5555,-9.1371,20.8004,20.8004
manhattan_mid,0,ideal,0,1.0,0.0,0.0,0.0,0.0,6.5049,29.2204,22.8202,22.8202
manhattan_mid,0,offset,0,1.0,0.0,0.0,0.0,0.0,1.922,0.3763,22.8202,22.8202
manhattan_mid,0,attenuated,0,1.0,0.0,0.0,0.0,0.0,-22.2002,-13.4897,22.8202,22.8202
manhattan_mid,1,ideal,0,1.0,0.0,0.0,0.0,0.0,56.6511,34.5551,13.1247,13.1247
manhattan_mid,1,offset,0,1.0,0.0,0.0,0.0,0.0,4.3208,1.7348,13.1247,13.1247
manhattan_mid,1,attenuated,0,1.0,0.0,0.0,0.0,0.0,-5.52,-9.5417,13.1247,13.1247
manhattan_mid,2,ideal,0,1.0,0.0,0.0,0.0,0.0,17.0886,23.8114,14.7039,14.7039
manhattan_mid,2,offset,0,1.0,0.0,0.0,0.0,0.0,0.0,-0.1973,14.7039,14.7039
manhattan_mid,2,attenuated,0,1.0,0.0,0.0,0.0,0.0,-10.2347,-4.8725,14.7039,14.7039
manhattan_mid,3,ideal,1,0.75,9.0,8.2245,33.598,-51.69,115.4175,42.8292,7.6404,6.8166
manhattan_mid,3,offset,1,0.6666666666666666,6.0,0.0543,16.4903,45.0543,4.9777,0.5638,7.6404,7.2361
manhattan_mid,3,attenuated,1,0.6,15.0,8.6918,33.598,-51.69,12.2191,-7.8009,7.6404,6.8166
manhattan_mid,4,ideal,0,1.0,0.0,0.0,nan,nan,13.3512,47.0201,21.0022,21.0022
manhattan_mid,4,offset,0,1.0,0.0,0.0,nan,nan,0.9263,1.0184,21.0022,21.0022
manhattan_mid,4,attenuated,1,0.0,7.0,0.1459,nan,nan,-14.7499,-6.2571,21.0022,21.3601
manhattan_mid,5,ideal,1,0.6666666666666666,9.0,0.3715,-23.7243,77.1157,15.8368,15.287,18.6946,19.0771
manhattan_mid,5,offset,0,1.0,0.0,0.0,0.0,0.0,0.0,0.0563,18.6946,18.6946
manhattan_mid,5,attenuated,1,0.6666666666666666,9.0,0.3715,-23.7243,77.1157,-11.4843,-6.6986,18.6946,19.0771
manhattan_mid,6,ideal,0,1.0,0.0,0.0,0.0,nan,52.3067,36.1404,13.4867,13.4867
manhattan_mid,6,offset,1,0.5,3.0,0.0605,-17.8541,nan,1.5439,2.0172,13.4867,13.8616
manhattan_mid,6,attenuated,0,1.0,0.0,0.0,0.0,nan,-1.5495,-5.0624,13.4867,13.4867
manhattan_mid,7,ideal,0,1.0,0.0,0.0,nan,nan,57.068,17.8204,24.7268,24.7268
manhattan_mid,7,offset,0,1.0,0.0,0.0,nan,nan,5.1877,1.0482,24.7268,24.7268
manhattan_mid,7,attenuated,0,1.0,0.0,0.0,nan,nan,-5.1877,-8.0428,24.7268,24.7268
