scene,seed,base_mean,base_median,base_edge,base_served_edge,base_outage,base_jain,base_max_load,steer_mean,steer_median,steer_edge,steer_served_edge,steer_outage,steer_jain,steer_max_load,gain_mean_pct,gain_median_pct,gain_servededge_pct,gain_jain_pct,outage_delta,load_delta
berlin_mitte,0,13.552300636363636,9.089509090909091,0.9765654545454548,2.258304545454546,0.06666666666666667,0.5227202327893591,11.0,12.977991000000001,10.827900000000001,1.1952900000000006,3.498288,0.06666666666666667,0.6230097730106007,9.0,-4.237727982676558,19.125245287774327,54.90771636807175,19.18608347835951,0.0,-2.0
berlin_mitte,1,11.195117499999999,6.249037500000001,0.7475287500000003,2.2502643750000004,0.06666666666666667,0.5072342118295978,16.0,10.627455714285714,7.141757142857145,0.9926550000000005,2.8881000000000006,0.06666666666666667,0.5394795002024221,14.0,-5.070619274110201,14.285714285714302,28.344919471962047,6.357080737222997,0.0,-2.0
berlin_mitte,2,7.012240000000001,6.3941625,0.0,2.74707,0.1,0.6613908608436023,9.0,7.2183854285714295,6.76773,0.0,3.0636,0.1,0.6937956198321493,9.0,2.9397942536397546,5.8423210232770915,11.522458473937695,4.8994869610406795,0.0,0.0
berlin_mitte,3,9.331211999999999,7.793025,0.0,2.5473900000000005,0.1,0.6382732727698613,12.0,9.56502,8.145585,0.0,4.148406,0.1,0.6691676377106962,10.0,2.505655213920781,4.524045540723922,62.84926925205794,4.840303716112874,0.0,-2.0
berlin_mitte,4,17.156122500000002,12.498075000000002,0.0,3.08547,0.1,0.4353049689436094,8.0,17.836255000000005,14.360357142857147,0.0,5.68194,0.1,0.5121379471785722,7.0,3.964371902800313,14.900551827838648,84.15152310669039,17.650379324044867,0.0,-1.0
berlin_mitte,5,11.232428857142857,7.504114285714287,1.3427775000000006,3.10239,0.06666666666666667,0.4006068806625172,8.0,11.103277999999996,8.875110000000001,1.3427775000000006,3.10239,0.06666666666666667,0.4160031711072782,8.0,-1.1498034733665994,18.269920500753862,0.0,3.843241638610612,0.0,0.0
berlin_mitte,6,9.971475000000002,8.8596,1.3427775000000006,3.0819000000000005,0.06666666666666667,0.7274662015726934,8.0,9.901325000000003,8.8596,1.3427775000000006,3.6982800000000005,0.06666666666666667,0.7617598388456167,8.0,-0.703506753012951,0.0,19.999999999999993,4.714121040783017,0.0,0.0
berlin_mitte,7,10.818106103896106,8.250128571428572,0.0,2.8337785714285717,0.13333333333333333,0.49908773153277525,11.0,10.387976818181818,8.8596,0.0,4.706396590909091,0.13333333333333333,0.6413159380002366,11.0,-3.97601282131425,7.387417338950557,66.08201637068949,28.4976362834359,0.0,0.0
paris_opera,0,14.853734666666668,11.83359,0.0,3.8657999999999997,0.13333333333333333,0.6187853953722071,9.0,14.377500500000002,12.498075000000002,0.0,3.9786000000000006,0.13333333333333333,0.6583036309181306,8.0,-3.2061577600102504,5.615244401741168,2.9178953903461355,6.386420209894058,0.0,-1.0
paris_opera,1,11.316015454545456,9.089509090909091,0.0,3.97674,0.2,0.5311576620556181,11.0,11.169757714285716,9.998460000000001,0.0,3.8770997142857144,0.2,0.5356339846193628,10.0,-1.2924844513268203,10.00000000000001,-2.5055770735397718,0.8427483746390971,0.0,-1.0
paris_opera,2,9.136282000000003,4.025460000000001,0.0,2.24442,0.36666666666666664,0.4050485483886066,15.0,9.575531000000003,4.626525000000001,0.0,2.24442,0.36666666666666664,0.46418359797187575,15.0,4.807743456254963,14.931585458556292,0.0,14.599496731570692,0.0,0.0
paris_opera,3,9.623958,6.57894,0.0,3.852342000000001,0.36666666666666664,0.41113255269878834,12.0,9.579305999999999,6.57894,0.0,4.263552000000001,0.36666666666666664,0.4268770006208213,12.0,-0.46396711207593616,0.0,10.674285927884895,3.8295308456316612,0.0,0.0
paris_opera,4,15.029560000000005,12.498075000000002,0.0,3.8759625,0.23333333333333334,0.4952813486614862,8.0,14.487940000000002,14.28351428571429,0.0,4.53852,0.23333333333333334,0.5329562515877426,7.0,-3.6036983118601165,14.285714285714302,17.094012132470322,7.606767956854029,0.0,-1.0
paris_opera,5,13.371491666666667,9.39555,0.0,4.38978375,0.26666666666666666,0.44212266602598405,9.0,13.390094523809527,8.578253571428572,0.0,4.974267857142857,0.26666666666666666,0.4442490744633447,9.0,0.13912327514837994,-8.698760887563026,13.314644648335056,0.4809544049107178,0.0,0.0
paris_opera,6,10.586385000000002,7.7783250000000015,0.0,3.5596200000000002,0.23333333333333334,0.5196243141702208,12.0,10.586385000000002,7.7783250000000015,0.0,3.5596200000000002,0.23333333333333334,0.5196243141702208,12.0,0.0,0.0,0.0,0.0,0.0,0.0
paris_opera,7,13.555461000000001,10.725750000000001,0.0,4.706535000000001,0.1,0.5765992146481256,12.0,13.724678727272728,10.725750000000001,0.0,4.995695454545455,0.1,0.5859649466492837,11.0,1.2483362039308519,0.0,6.1438075897757995,1.624305369002905,0.0,-1.0
manhattan_mid,0,11.949326103896107,6.832992857142857,0.0,2.35134,0.1,0.4182516281166989,11.0,10.63484366666667,7.99805,0.0,3.8586600000000004,0.1,0.6209979934102465,9.0,-11.000473380677478,17.05046627758805,64.1047232641813,48.474734266181535,0.0,-2.0
manhattan_mid,1,8.39537474025974,6.924640909090909,0.0,2.5057227272727274,0.13333333333333333,0.5543294672761465,11.0,8.83064261904762,9.052457142857143,0.0,3.395507142857143,0.13333333333333333,0.6079021054727415,9.0,5.184615246542442,30.728181601052597,35.51009079735141,9.664403817433552,0.0,-2.0
manhattan_mid,2,8.899956623376625,8.115633116883117,0.0,4.791298441558442,0.36666666666666664,0.323794926967339,14.0,9.236752447552448,7.691123076923078,0.0,5.462623636363636,0.36666666666666664,0.3292435256017382,13.0,3.784241187099668,-5.230769230769225,14.011341664345084,1.6827313155986436,0.0,-1.0
manhattan_mid,3,10.63646358974359,10.669899999999998,0.0,7.851946153846154,0.4,0.3706782433528604,13.0,10.63646358974359,10.669899999999998,0.0,7.851946153846154,0.4,0.3706782433528604,13.0,0.0,0.0,0.0,0.0,0.0,0.0
manhattan_mid,4,6.568683333333335,5.27345,1.1935800000000005,3.1062899999999996,0.06666666666666667,0.6558889506049146,9.0,8.029894500000001,7.5558000000000005,0.8879625000000003,3.6668812500000003,0.06666666666666667,0.7882890227815142,8.0,22.2451150788717,43.28001592885113,18.046970823715778,20.18635503075474,0.0,-1.0
manhattan_mid,5,13.144025000000001,8.332050000000002,0.6934275000000004,2.4416865000000003,0.06666666666666667,0.30806736651388555,12.0,12.778677636363634,8.956554545454546,1.0742220000000005,2.8326027272727274,0.06666666666666667,0.33635068874536633,11.0,-2.7795699082767045,7.4952088076108945,16.010090864356545,9.180888761940958,0.0,-1.0
manhattan_mid,6,10.335600000000003,8.332050000000002,0.0,2.445615,0.1,0.44317438857096597,12.0,10.335600000000003,8.332050000000002,0.0,2.445615,0.1,0.44317438857096597,12.0,0.0,0.0,0.0,0.0,0.0,0.0
manhattan_mid,7,16.648368,10.77363,2.990115000000001,6.973182,0.06666666666666667,0.486024732963578,10.0,17.056458000000003,12.217830000000003,2.990115000000001,7.943800500000001,0.06666666666666667,0.5004447953787811,10.0,2.4512312558203986,13.404952648271772,13.91930541896082,2.9669400417701928,0.0,0.0
